{"cameraMode":{"drawMode":0,"name":"Shaded","section":"Shading Mode"},"sceneLighting":false,"audioPlay":false,"sceneViewState":{"m_AlwaysRefresh":false,"showFog":true,"showSkybox":false,"showFlares":true,"showImageEffects":true,"showParticleSystems":true,"showVisualEffectGraphs":true,"m_FxEnabled":true},"in2DMode":false,"pivot":{"x":0.02226439118385315,"y":0.7814799547195435,"z":0.4024534821510315},"rotation":{"x":0.12962749600410462,"y":0.6597601771354675,"z":-0.1167568564414978,"w":0.7312964200973511},"size":1.407075047492981,"orthographic":false}